year,word,count
2009,nyc,61
2009,data,52
2009,city,51
2009,new,29
2009,map,24
2009,information,22
2009,york,20
2009,application,19
2009,find,19
2009,search,17
2009,roadify,17
2009,time,16
2009,way,15
2009,make,14
2009,community,14
2009,based,13
2009,see,13
2009,local,13
2009,people,13
2009,public,12
2009,phone,12
2009,neighborhood,12
2009,traffic,11
2009,help,11
2009,iphone,11
2009,allows,11
2009,easy,11
2009,location,11
2009,gov,10
2009,experience,10
2009,provides,10
2009,mobile,10
2009,events,10
2009,including,10
2009,street,10
2009,twitter,10
2009,nearest,10
2009,parking,10
2009,business,9
2009,subway,8
2009,applications,8
2009,locations,8
2009,simple,8
2009,parks,8
2009,explore,8
2009,results,8
2009,trees,8
2009,uses,7
2009,mine,7
2009,well,7
2009,free,7
2009,com,7
2009,site,7
2009,event,7
2009,via,7
2009,email,7
2009,available,7
2009,website,7
2009,open,7
2009,tools,7
2009,building,7
2009,live,7
2009,view,7
2009,online,7
2009,current,7
2009,web,7
2009,near,7
2009,every,7
2009,stations,7
2009,better,6
2009,us,6
2009,system,6
2009,info,6
2009,area,6
2009,interface,6
2009,developers,6
2009,service,6
2009,quickly,6
2009,much,6
2009,address,6
2009,times,6
2009,zip,6
2009,day,6
2009,platform,6
2009,step,6
2009,number,5
2009,cultural,5
2009,future,5
2009,first,5
2009,government,5
2009,bike,5
2009,comments,5
2009,serve,5
2009,problem,5
2009,level,5
2009,send,5
2009,code,5
2009,accessible,5
2009,average,5
2009,citizens,5
2010,data,163
2010,world,126
2010,application,114
2010,game,111
2010,food,96
2010,development,93
2010,tv,92
2010,new,78
2010,time,71
2010,information,68
2010,web,57
2010,based,57
2010,indicators,57
2010,bank,56
2010,nyc,55
2010,way,55
2010,see,52
2010,available,52
2010,people,51
2010,fun,51
2010,players,47
2010,countries,47
2010,find,45
2010,city,45
2010,play,44
2010,mobile,42
2010,de,41
2010,know,40
2010,health,39
2010,make,38
2010,free,37
2010,country,37
2010,player,37
2010,children,37
2010,public,36
2010,allows,36
2010,home,36
2010,samsung,35
2010,goals,35
2010,york,34
2010,simple,34
2010,healthy,34
2010,online,33
2010,access,32
2010,easy,32
2010,right,31
2010,map,31
2010,friends,31
2010,video,31
2010,need,30
2010,real,30
2010,sie,30
2010,help,29
2010,tool,29
2010,different,28
2010,learn,28
2010,show,28
2010,social,28
2010,et,28
2010,screen,27
2010,com,27
2010,questions,27
2010,day,27
2010,und,27
2010,energy,27
2010,choices,27
2010,iphone,26
2010,well,26
2010,points,26
2010,version,26
2010,live,26
2010,games,26
2010,mdg,26
2010,kids,26
2010,location,25
2010,eating,25
2010,share,25
2010,view,25
2010,internet,25
2010,des,25
2010,eat,25
2010,mdgs,25
2010,nutritional,25
2010,nutrition,25
2010,foods,25
2010,including,24
2010,level,24
2010,site,24
2010,phone,24
2010,shows,24
2010,sports,24
2010,progress,24
2010,may,23
2010,create,23
2010,via,23
2010,platform,23
2010,service,23
2010,interactive,22
2010,life,22
2010,website,22
2011,information,515
2011,data,416
2011,application,337
2011,time,280
2011,health,243
2011,flu,241
2011,mobile,226
2011,search,221
2011,help,218
2011,based,210
2011,available,193
2011,new,185
2011,location,184
2011,system,178
2011,web,177
2011,people,171
2011,vehicle,156
2011,access,154
2011,friends,153
2011,provides,152
2011,phone,148
2011,service,146
2011,find,145
2011,allows,141
2011,community,137
2011,well,131
2011,see,131
2011,make,131
2011,public,128
2011,social,127
2011,violence,120
2011,android,119
2011,com,117
2011,provide,115
2011,safety,114
2011,way,110
2011,city,109
2011,local,109
2011,network,109
2011,may,104
2011,real,104
2011,map,99
2011,need,97
2011,services,96
2011,smart,96
2011,share,95
2011,device,95
2011,technology,94
2011,iphone,93
2011,connected,93
2011,website,91
2011,research,90
2011,ipotato,90
2011,features,89
2011,us,89
2011,set,89
2011,free,88
2011,work,88
2011,facebook,88
2011,business,88
2011,emergency,88
2011,personal,87
2011,view,86
2011,cdc,85
2011,database,84
2011,easy,83
2011,risk,83
2011,message,82
2011,patient,82
2011,current,81
2011,within,81
2011,resources,81
2011,support,80
2011,platform,79
2011,sexual,79
2011,create,78
2011,even,78
2011,via,78
2011,drug,78
2011,dsrc,78
2011,devices,77
2011,tool,76
2011,around,76
2011,including,75
2011,healthy,75
2011,state,75
2011,campus,75
2011,want,73
2011,specific,73
2011,open,72
2011,button,72
2011,small,71
2011,site,71
2011,take,71
2011,traffic,71
2011,version,70
2011,first,70
2011,experience,69
2011,ability,69
2011,list,69
2012,data,399
2012,information,250
2012,time,241
2012,application,200
2012,energy,198
2012,based,173
2012,people,154
2012,new,153
2012,mobile,150
2012,make,136
2012,help,131
2012,easy,122
2012,notes,122
2012,simple,120
2012,see,117
2012,phone,117
2012,note,117
2012,create,115
2012,usage,115
2012,system,114
2012,allows,109
2012,mintchip,107
2012,available,106
2012,email,105
2012,vehicle,105
2012,find,104
2012,way,102
2012,access,101
2012,fuel,101
2012,need,99
2012,provides,99
2012,well,99
2012,provide,97
2012,features,96
2012,video,96
2012,money,95
2012,web,95
2012,share,94
2012,work,94
2012,button,90
2012,game,89
2012,set,89
2012,green,89
2012,android,89
2012,friends,86
2012,safety,85
2012,evernote,84
2012,real,82
2012,home,80
2012,location,80
2012,save,79
2012,device,79
2012,even,78
2012,number,76
2012,us,76
2012,want,75
2012,financial,75
2012,call,74
2012,technology,73
2012,social,73
2012,platform,72
2012,tool,72
2012,best,72
2012,via,71
2012,take,70
2012,facebook,70
2012,business,70
2012,iphone,69
2012,payment,69
2012,open,68
2012,car,68
2012,easily,67
2012,com,67
2012,page,66
2012,savings,66
2012,job,66
2012,videos,65
2012,designed,65
2012,ability,65
2012,list,65
2012,view,64
2012,design,64
2012,san,64
2012,current,63
2012,website,63
2012,different,63
2012,go,62
2012,send,62
2012,first,62
2012,automatically,61
2012,may,60
2012,parking,60
2012,every,59
2012,world,59
2012,city,59
2012,local,59
2012,multiple,59
2012,account,59
2012,pen,59
2012,day,58
2013,data,582
2013,time,475
2013,information,404
2013,mobile,325
2013,application,309
2013,game,255
2013,based,250
2013,people,225
2013,web,220
2013,new,219
2013,patients,219
2013,clinical,213
2013,help,202
2013,real,200
2013,make,193
2013,allows,187
2013,patient,186
2013,way,185
2013,see,181
2013,social,176
2013,energy,176
2013,easy,174
2013,create,166
2013,kaec,160
2013,trial,160
2013,platform,158
2013,city,151
2013,access,150
2013,find,149
2013,provides,146
2013,friends,143
2013,well,139
2013,need,139
2013,share,135
2013,view,135
2013,experience,134
2013,api,134
2013,simple,126
2013,phone,126
2013,book,126
2013,features,125
2013,content,123
2013,students,123
2013,provide,123
2013,system,121
2013,usage,120
2013,want,119
2013,day,117
2013,location,115
2013,available,114
2013,study,114
2013,take,113
2013,different,113
2013,via,112
2013,android,111
2013,work,110
2013,health,110
2013,world,109
2013,even,109
2013,per,109
2013,set,109
2013,la,108
2013,page,108
2013,video,106
2013,best,105
2013,helps,104
2013,easily,104
2013,events,103
2013,fuel,103
2013,personal,102
2013,know,102
2013,books,102
2013,search,101
2013,designed,100
2013,traffic,98
2013,driving,98
2013,track,98
2013,read,98
2013,play,97
2013,able,97
2013,salesforce,96
2013,map,93
2013,list,92
2013,etc,92
2013,first,91
2013,uses,91
2013,right,90
2013,around,90
2013,every,90
2013,local,90
2013,google,89
2013,current,89
2013,better,88
2013,trials,88
2013,rugby,88
2013,level,87
2013,add,87
2013,number,87
2013,device,87
2013,email,86
2014,data,2217
2014,time,2079
2014,people,1497
2014,information,1181
2014,make,1101
2014,application,1097
2014,help,958
2014,game,957
2014,system,912
2014,new,900
2014,way,881
2014,based,868
2014,mobile,820
2014,phone,778
2014,create,740
2014,want,734
2014,find,722
2014,see,705
2014,web,697
2014,need,695
2014,allows,688
2014,simple,673
2014,features,648
2014,us,640
2014,real,637
2014,location,630
2014,work,606
2014,able,593
2014,students,589
2014,well,586
2014,api,580
2014,experience,574
2014,around,563
2014,friends,552
2014,world,527
2014,platform,525
2014,easy,523
2014,android,515
2014,different,506
2014,available,494
2014,social,493
2014,target,489
2014,even,482
2014,take,480
2014,team,469
2014,number,468
2014,first,467
2014,service,464
2014,provide,460
2014,set,457
2014,device,450
2014,go,449
2014,idea,446
2014,map,438
2014,website,438
2014,every,432
2014,share,432
2014,via,430
2014,current,425
2014,know,414
2014,access,412
2014,video,410
2014,code,409
2014,google,405
2014,online,399
2014,within,398
2014,solution,398
2014,technology,398
2014,car,397
2014,view,392
2014,search,389
2014,right,385
2014,allow,385
2014,easily,385
2014,created,383
2014,future,382
2014,send,380
2014,key,379
2014,health,378
2014,problem,377
2014,open,373
2014,much,364
2014,family,362
2014,provides,358
2014,may,355
2014,day,355
2014,order,354
2014,product,346
2014,better,345
2014,life,343
2014,control,340
2014,track,340
2014,best,339
2014,services,338
2014,etc,338
2014,music,337
2014,traffic,337
2014,uses,333
2014,city,332
2014,apps,331
2015,data,4183
2015,time,3954
2015,people,2627
2015,make,2208
2015,api,2150
2015,application,1944
2015,information,1926
2015,new,1680
2015,way,1557
2015,create,1555
2015,web,1534
2015,system,1515
2015,us,1502
2015,able,1500
2015,work,1490
2015,help,1479
2015,based,1472
2015,experience,1406
2015,game,1375
2015,first,1340
2015,android,1330
2015,want,1289
2015,team,1267
2015,need,1241
2015,mobile,1225
2015,well,1224
2015,see,1224
2015,works,1220
2015,different,1123
2015,find,1123
2015,allows,1123
2015,real,1096
2015,location,1070
2015,code,1011
2015,features,1009
2015,de,1009
2015,simple,998
2015,even,983
2015,take,968
2015,students,968
2015,lot,958
2015,phone,954
2015,idea,931
2015,end,928
2015,easy,902
2015,around,902
2015,server,887
2015,platform,881
2015,world,872
2015,go,870
2015,access,869
2015,google,843
2015,add,841
2015,problem,830
2015,provide,828
2015,know,827
2015,much,811
2015,social,808
2015,learning,799
2015,device,789
2015,better,784
2015,working,780
2015,available,773
2015,every,765
2015,send,753
2015,friends,744
2015,technology,741
2015,service,737
2015,website,737
2015,number,736
2015,map,733
2015,future,730
2015,created,729
2015,via,725
2015,product,724
2015,design,719
2015,back,716
2015,process,714
2015,set,710
2015,water,707
2015,best,702
2015,day,700
2015,something,693
2015,solution,687
2015,making,670
2015,order,664
2015,control,662
2015,video,660
2015,search,659
2015,uses,653
2015,database,648
2015,development,645
2015,right,645
2015,school,645
2015,together,640
2015,within,637
2015,share,620
2015,open,617
2015,allow,615
2015,interface,608
2016,data,5906
2016,time,5045
2016,api,3345
2016,people,2914
2016,make,2691
2016,application,2426
2016,us,2281
2016,able,2237
2016,game,2163
2016,work,2149
2016,information,2084
2016,web,2063
2016,new,2009
2016,team,2001
2016,create,1995
2016,help,1872
2016,based,1856
2016,system,1834
2016,well,1749
2016,way,1726
2016,first,1720
2016,different,1718
2016,end,1688
2016,experience,1677
2016,android,1603
2016,lot,1461
2016,learning,1412
2016,code,1396
2016,server,1332
2016,real,1332
2016,need,1328
2016,working,1325
2016,platform,1257
2016,want,1248
2016,google,1236
2016,find,1222
2016,see,1177
2016,allows,1173
2016,mobile,1171
2016,idea,1164
2016,de,1123
2016,design,1120
2016,even,1088
2016,features,1083
2016,better,1078
2016,around,1068
2016,add,1058
2016,database,1057
2016,world,1054
2016,much,1054
2016,product,1042
2016,take,1020
2016,website,1016
2016,back,999
2016,provide,995
2016,order,988
2016,location,984
2016,simple,979
2016,problem,963
2016,process,961
2016,development,951
2016,created,950
2016,python,929
2016,js,928
2016,making,917
2016,together,917
2016,set,916
2016,solution,898
2016,access,898
2016,service,898
2016,know,886
2016,future,880
2016,javascript,877
2016,go,868
2016,something,865
2016,hackathon,851
2016,really,838
2016,getting,835
2016,easy,831
2016,phone,817
2016,interface,816
2016,services,816
2016,video,814
2016,students,808
2016,available,800
2016,day,792
2016,hours,790
2016,device,790
2016,software,787
2016,machine,786
2016,every,783
2016,allow,779
2016,best,763
2016,things,761
2016,uses,756
2016,technology,754
2016,number,751
2016,html,745
2016,food,745
2016,front,743
2017,data,5509
2017,time,5272
2017,api,3674
2017,make,2880
2017,people,2840
2017,us,2539
2017,application,2516
2017,able,2462
2017,work,2391
2017,create,2326
2017,game,2254
2017,web,2207
2017,information,2184
2017,new,2109
2017,team,2039
2017,first,1914
2017,help,1881
2017,learning,1875
2017,different,1849
2017,well,1798
2017,system,1793
2017,way,1775
2017,experience,1773
2017,end,1742
2017,based,1737
2017,lot,1681
2017,code,1609
2017,android,1583
2017,google,1467
2017,working,1434
2017,server,1429
2017,find,1380
2017,website,1347
2017,real,1342
2017,python,1297
2017,want,1291
2017,need,1285
2017,database,1249
2017,see,1241
2017,idea,1231
2017,allows,1205
2017,better,1168
2017,alexa,1158
2017,add,1130
2017,platform,1119
2017,js,1116
2017,even,1108
2017,students,1100
2017,much,1095
2017,created,1086
2017,order,1077
2017,take,1072
2017,features,1071
2017,problem,1064
2017,javascript,1044
2017,development,1041
2017,process,1040
2017,design,1031
2017,making,1016
2017,back,1014
2017,hackathon,1007
2017,world,1003
2017,mobile,996
2017,around,992
2017,set,990
2017,future,988
2017,machine,962
2017,product,962
2017,provide,961
2017,something,946
2017,image,941
2017,aws,934
2017,together,932
2017,model,930
2017,learn,916
2017,simple,897
2017,html,883
2017,solution,881
2017,location,880
2017,bot,867
2017,unity,859
2017,getting,851
2017,device,847
2017,language,842
2017,every,842
2017,hours,841
2017,arduino,841
2017,go,840
2017,interface,838
2017,node,837
2017,services,836
2017,easy,835
2017,really,830
2017,access,826
2017,food,819
2017,creating,813
2017,difficult,811
2017,program,794
2017,uses,791
2017,know,785
2018,data,6586
2018,time,5885
2018,api,3837
2018,people,3233
2018,make,3172
2018,able,2992
2018,us,2847
2018,create,2807
2018,application,2759
2018,work,2654
2018,web,2448
2018,new,2444
2018,information,2365
2018,team,2340
2018,learning,2298
2018,game,2283
2018,first,2233
2018,system,2218
2018,end,2215
2018,help,2180
2018,experience,2138
2018,based,2122
2018,different,2121
2018,way,2027
2018,google,2026
2018,well,1961
2018,code,1848
2018,lot,1838
2018,platform,1800
2018,working,1594
2018,want,1553
2018,real,1536
2018,python,1499
2018,need,1469
2018,find,1450
2018,idea,1431
2018,server,1395
2018,model,1395
2018,android,1384
2018,allows,1367
2018,see,1326
2018,database,1324
2018,process,1320
2018,website,1293
2018,even,1291
2018,better,1281
2018,design,1272
2018,add,1266
2018,much,1249
2018,machine,1241
2018,problem,1235
2018,created,1219
2018,world,1216
2018,development,1212
2018,solution,1209
2018,provide,1205
2018,making,1197
2018,students,1178
2018,order,1175
2018,features,1175
2018,mobile,1168
2018,future,1164
2018,js,1156
2018,product,1134
2018,back,1107
2018,image,1103
2018,javascript,1082
2018,network,1080
2018,take,1078
2018,video,1075
2018,set,1071
2018,technology,1067
2018,blockchain,1061
2018,hackathon,1059
2018,together,1055
2018,service,1053
2018,access,1053
2018,location,1041
2018,alexa,1021
2018,something,1020
2018,around,1016
2018,backend,1013
2018,services,1010
2018,smart,1006
2018,learn,995
2018,front,989
2018,creating,981
2018,easy,973
2018,getting,967
2018,every,960
2018,html,959
2018,simple,943
2018,interface,938
2018,allow,926
2018,go,919
2018,available,911
2018,language,911
2018,building,906
2018,cloud,905
2018,know,899
2019,data,8338
2019,time,7111
2019,api,4584
2019,people,4188
2019,able,3930
2019,make,3911
2019,application,3775
2019,us,3709
2019,create,3595
2019,google,3388
2019,learning,3263
2019,work,3103
2019,team,3084
2019,end,3048
2019,information,2999
2019,new,2980
2019,web,2955
2019,help,2861
2019,first,2748
2019,different,2658
2019,experience,2655
2019,game,2607
2019,well,2581
2019,system,2562
2019,based,2518
2019,way,2392
2019,model,2372
2019,lot,2288
2019,code,2243
2019,platform,2147
2019,python,2144
2019,website,2136
2019,working,2014
2019,database,1923
2019,real,1857
2019,idea,1850
2019,want,1832
2019,need,1812
2019,cloud,1779
2019,process,1763
2019,find,1715
2019,created,1706
2019,product,1629
2019,allows,1618
2019,machine,1602
2019,students,1598
2019,features,1578
2019,server,1558
2019,development,1545
2019,mobile,1542
2019,better,1534
2019,problem,1534
2019,solution,1530
2019,design,1517
2019,add,1495
2019,android,1485
2019,future,1472
2019,see,1471
2019,back,1467
2019,order,1459
2019,even,1454
2019,world,1447
2019,take,1444
2019,much,1425
2019,provide,1425
2019,front,1417
2019,backend,1405
2019,hackathon,1388
2019,js,1375
2019,making,1370
2019,set,1368
2019,react,1347
2019,javascript,1341
2019,image,1331
2019,learn,1323
2019,access,1321
2019,together,1292
2019,creating,1291
2019,html,1284
2019,location,1271
2019,network,1266
2019,de,1246
2019,around,1245
2019,technology,1232
2019,language,1215
2019,simple,1205
2019,service,1196
2019,allow,1188
2019,interface,1169
2019,difficult,1162
2019,however,1161
2019,something,1155
2019,issues,1152
2019,implement,1142
2019,every,1112
2019,program,1109
2019,food,1097
2019,go,1095
2019,easy,1092
2019,services,1090
2020,time,16502
2020,data,15455
2020,people,11808
2020,make,9847
2020,able,9057
2020,us,8607
2020,create,8051
2020,help,8043
2020,api,7790
2020,work,7498
2020,learning,7385
2020,application,7354
2020,team,7182
2020,new,7022
2020,website,6803
2020,information,6671
2020,first,6667
2020,covid,6611
2020,google,6458
2020,web,6457
2020,model,6263
2020,different,6032
2020,well,6022
2020,end,5874
2020,lot,5675
2020,based,5517
2020,code,5482
2020,platform,5323
2020,way,5261
2020,experience,5171
2020,game,4796
2020,working,4741
2020,need,4716
2020,system,4706
2020,students,4651
2020,features,4293
2020,de,4115
2020,health,4055
2020,database,4028
2020,find,3999
2020,add,3967
2020,design,3962
2020,want,3943
2020,python,3928
2020,world,3901
2020,created,3781
2020,idea,3705
2020,even,3694
2020,process,3686
2020,solution,3663
2020,see,3602
2020,problem,3585
2020,learn,3572
2020,development,3552
2020,social,3548
2020,future,3542
2020,hackathon,3520
2020,making,3515
2020,order,3476
2020,react,3473
2020,backend,3467
2020,real,3401
2020,better,3331
2020,html,3331
2020,online,3301
2020,allows,3294
2020,much,3294
2020,cloud,3268
2020,video,3265
2020,product,3237
2020,provide,3211
2020,js,3156
2020,creating,3136
2020,take,3126
2020,machine,3108
2020,javascript,3090
2020,together,3018
2020,community,2991
2020,around,2977
2020,food,2973
2020,page,2965
2020,back,2911
2020,ui,2868
2020,due,2816
2020,easy,2800
2020,firebase,2798
2020,server,2785
2020,css,2771
2020,mobile,2737
2020,something,2725
2020,however,2699
2020,front,2697
2020,access,2684
2020,since,2674
2020,really,2612
2020,und,2602
2020,support,2600
2020,day,2584
2020,difficult,2566
2020,implement,2530
2021,time,21325
2021,data,16162
2021,make,11739
2021,people,11669
2021,able,10929
2021,us,10784
2021,create,10156
2021,api,9877
2021,website,9384
2021,application,9109
2021,work,8946
2021,help,8691
2021,learning,8664
2021,new,8513
2021,first,8478
2021,team,8093
2021,web,7983
2021,lot,7390
2021,different,7323
2021,model,7322
2021,well,7186
2021,game,6950
2021,code,6923
2021,end,6783
2021,information,6687
2021,experience,6218
2021,based,6110
2021,features,6041
2021,way,6018
2021,working,6007
2021,google,5914
2021,system,5642
2021,platform,5577
2021,students,5440
2021,python,5382
2021,add,5258
2021,design,5030
2021,html,4901
2021,react,4823
2021,want,4763
2021,need,4642
2021,database,4625
2021,backend,4623
2021,learn,4587
2021,created,4586
2021,css,4577
2021,find,4547
2021,making,4511
2021,hackathon,4476
2021,js,4383
2021,even,4370
2021,idea,4321
2021,world,4297
2021,javascript,4280
2021,process,4237
2021,much,4205
2021,future,4146
2021,development,4143
2021,health,4057
2021,creating,4030
2021,problem,3973
2021,real,3972
2021,better,3918
2021,video,3900
2021,see,3863
2021,allows,3850
2021,solution,3724
2021,ui,3711
2021,covid,3674
2021,page,3633
2021,product,3630
2021,together,3502
2021,provide,3488
2021,online,3426
2021,machine,3423
2021,since,3415
2021,something,3414
2021,server,3366
2021,issues,3332
2021,take,3323
2021,due,3305
2021,feature,3254
2021,order,3235
2021,back,3207
2021,community,3181
2021,cloud,3173
2021,really,3170
2021,around,3151
2021,easy,3126
2021,front,3121
2021,access,3094
2021,implement,3065
2021,every,3053
2021,ai,3035
2021,image,3017
2021,building,3009
2021,day,2977
2021,things,2976
2021,food,2976
2021,bot,2972
2022,time,19358
2022,data,15559
2022,make,11185
2022,able,10091
2022,create,9727
2022,people,9571
2022,us,9357
2022,api,9187
2022,website,8677
2022,web,8353
2022,application,8239
2022,work,8136
2022,new,7915
2022,first,7706
2022,learning,7538
2022,game,7525
2022,team,7363
2022,help,7306
2022,model,7256
2022,different,6836
2022,code,6834
2022,end,6749
2022,lot,6511
2022,well,6175
2022,information,6144
2022,based,6113
2022,experience,6076
2022,features,5826
2022,way,5556
2022,platform,5331
2022,working,5286
2022,system,5184
2022,python,4805
2022,add,4804
2022,backend,4804
2022,react,4775
2022,students,4683
2022,want,4625
2022,design,4532
2022,google,4444
2022,js,4346
2022,hackathon,4302
2022,need,4247
2022,css,4246
2022,html,4223
2022,database,4212
2022,created,4194
2022,find,4149
2022,development,4088
2022,process,4077
2022,making,4071
2022,idea,4067
2022,learn,4047
2022,world,4014
2022,future,3976
2022,javascript,3839
2022,even,3836
2022,much,3818
2022,better,3800
2022,creating,3763
2022,problem,3745
2022,real,3741
2022,allows,3735
2022,solution,3725
2022,see,3578
2022,nft,3450
2022,provide,3431
2022,frontend,3384
2022,ui,3368
2022,ai,3367
2022,page,3362
2022,health,3350
2022,implement,3327
2022,product,3284
2022,community,3260
2022,building,3218
2022,front,3182
2022,blockchain,3172
2022,access,3135
2022,together,3128
2022,machine,3123
2022,issues,3082
2022,order,3056
2022,image,3053
2022,something,3024
2022,since,3000
2022,take,2988
2022,back,2985
2022,video,2960
2022,easy,2939
2022,every,2928
2022,food,2837
2022,feature,2813
2022,however,2798
2022,smart,2793
2022,due,2774
2022,around,2737
2022,server,2725
2022,really,2684
2022,simple,2664
2023,data,21489
2023,time,18697
2023,create,11670
2023,ai,11431
2023,make,11199
2023,experience,10856
2023,learning,10394
2023,api,10345
2023,us,10272
2023,platform,9774
2023,model,9085
2023,able,8626
2023,application,8581
2023,web,8392
2023,team,8360
2023,development,7986
2023,website,7922
2023,information,7718
2023,new,7623
2023,features,7572
2023,people,7418
2023,work,7113
2023,game,7077
2023,based,7072
2023,system,6825
2023,help,6781
2023,end,6758
2023,process,6719
2023,different,6718
2023,first,6313
2023,code,6054
2023,well,5954
2023,design,5811
2023,real,5784
2023,creating,5561
2023,students,5539
2023,making,5430
2023,future,5387
2023,backend,5356
2023,way,5318
2023,provide,5270
2023,lot,5227
2023,python,5025
2023,react,4936
2023,working,4932
2023,interface,4806
2023,technology,4736
2023,solution,4681
2023,need,4654
2023,language,4641
2023,community,4567
2023,js,4446
2023,database,4441
2023,world,4315
2023,access,4290
2023,friendly,4213
2023,google,4179
2023,building,4129
2023,even,4128
2023,frontend,4058
2023,hackathon,4035
2023,various,3989
2023,health,3960
2023,allows,3907
2023,learn,3880
2023,created,3861
2023,machine,3827
2023,find,3813
2023,blockchain,3806
2023,models,3786
2023,tool,3737
2023,add,3724
2023,within,3703
2023,css,3655
2023,potential,3653
2023,plan,3619
2023,html,3616
2023,integration,3612
2023,ensuring,3590
2023,problem,3574
2023,idea,3567
2023,want,3563
2023,better,3550
2023,product,3507
2023,technologies,3505
2023,feature,3490
2023,management,3478
2023,issues,3473
2023,front,3464
2023,skills,3396
2023,javascript,3338
2023,support,3306
2023,content,3271
2023,additionally,3265
2023,ui,3258
2023,take,3257
2023,food,3244
2023,faced,3176
2023,together,3162
2023,tools,3155
2024,data,25873
2024,ai,23252
2024,time,22311
2024,experience,14279
2024,learning,12576
2024,create,11958
2024,real,11607
2024,platform,11537
2024,model,11376
2024,us,10978
2024,api,10843
2024,make,10550
2024,features,10405
2024,development,9694
2024,based,9588
2024,system,9191
2024,design,8286
2024,game,8254
2024,information,7965
2024,backend,7598
2024,ensuring,7464
2024,web,7425
2024,application,7348
2024,process,7326
2024,making,7211
2024,team,7116
2024,interface,7043
2024,students,6994
2024,new,6887
2024,creating,6842
2024,different,6786
2024,able,6721
2024,integration,6463
2024,end,6449
2024,people,6422
2024,website,6365
2024,help,6210
2024,work,6191
2024,health,5996
2024,first,5977
2024,code,5902
2024,frontend,5761
2024,react,5690
2024,community,5624
2024,provide,5613
2024,models,5606
2024,well,5603
2024,future,5503
2024,de,5503
2024,integrating,5464
2024,solution,5410
2024,friendly,5294
2024,js,5251
2024,support,5231
2024,need,5214
2024,python,5209
2024,language,5207
2024,way,5178
2024,database,5152
2024,technology,5118
2024,management,5106
2024,insights,5013
2024,content,4944
2024,building,4800
2024,access,4752
2024,tool,4719
2024,additionally,4699
2024,world,4684
2024,feedback,4681
2024,working,4647
2024,tools,4621
2024,even,4473
2024,various,4454
2024,lot,4433
2024,plan,4427
2024,google,4377
2024,interactive,4376
2024,feature,4201
2024,ensure,4184
2024,understanding,4141
2024,allows,4119
2024,personalized,4114
2024,accessible,4102
2024,created,4059
2024,within,4040
2024,designed,4014
2024,issues,3983
2024,seamless,3961
2024,css,3942
2024,technologies,3931
2024,analysis,3919
2024,skills,3892
2024,enhance,3884
2024,potential,3855
2024,ui,3835
2024,multiple,3810
2024,add,3802
2024,provides,3799
2024,image,3795
2024,video,3778
2025,ai,57848
2025,time,38817
2025,data,37529
2025,real,32304
2025,api,20798
2025,system,20485
2025,based,17230
2025,experience,15351
2025,model,14578
2025,learning,14276
2025,backend,13926
2025,design,13732
2025,features,13091
2025,make,12497
2025,platform,12435
2025,integration,12238
2025,create,12104
2025,frontend,11952
2025,ui,11309
2025,us,11142
2025,react,10087
2025,web,10015
2025,first,9505
2025,making,9290
2025,support,9288
2025,code,9241
2025,js,9106
2025,powered,8969
2025,people,8925
2025,interface,8666
2025,development,8666
2025,students,8609
2025,agent,8587
2025,building,8579
2025,gemini,8521
2025,tools,8518
2025,analysis,8389
2025,multiple,8325
2025,models,8260
2025,end,8195
2025,different,8138
2025,world,8115
2025,work,8009
2025,google,7968
2025,across,7949
2025,health,7830
2025,game,7758
2025,new,7714
2025,management,7711
2025,ensuring,7607
2025,help,7554
2025,content,7537
2025,language,7318
2025,mobile,7194
2025,voice,7184
2025,database,7183
2025,interactive,7136
2025,tool,7102
2025,creating,7021
2025,simple,6936
2025,performance,6766
2025,insights,6756
2025,even,6733
2025,working,6697
2025,information,6692
2025,application,6650
2025,every,6608
2025,created,6596
2025,designed,6587
2025,add,6585
2025,complex,6555
2025,feedback,6551
2025,team,6535
2025,handling,6520
2025,detection,6366
2025,solution,6328
2025,key,6253
2025,python,6242
2025,community,6240
2025,way,6107
2025,process,6095
2025,access,6034
2025,processing,5999
2025,multi,5943
2025,tracking,5909
2025,future,5855
2025,inspired,5824
2025,technical,5798
2025,custom,5776
2025,need,5771
2025,css,5754
2025,live,5743
2025,accessible,5695
2025,full,5678
2025,required,5671
2025,apis,5651
2025,personalized,5649
2025,context,5574
2025,generation,5352
2025,problem,5333
